[
  {
    "name": "theme_info",
    "theme_name": "Unsplash",
    "theme_author": "Phillip Malboeuf",
    "theme_version": "0.1.0",
    "theme_documentation_url": "https://help.shopify.com/manual/using-themes/sections",
    "theme_support_url": "https://support.shopify.com/"
  },
  {
    "name": "Colors",
    "settings": [
      {
        "type": "color",
        "id": "highlight",
        "label": "Highlight Color"
      },
      {
        "type": "color",
        "id": "alert_color",
        "label": "Alert Color"
      }
    ]
  },
  {
    "name": "Social media",
    "settings": [
      {
        "type": "text",
        "id": "social_twitter_link",
        "label": "Twitter",
        "info": "https://twitter.com/shopify"
      },
      {
        "type": "text",
        "id": "social_facebook_link",
        "label": "Facebook",
        "info": "https://facebook.com/shopify"
      },
      {
        "type": "text",
        "id": "social_pinterest_link",
        "label": "Pinterest",
        "info": "https://pinterest.com/shopify"
      },
      {
        "type": "text",
        "id": "social_instagram_link",
        "label": "Instagram",
        "info": "http://instagram.com/shopify"
      },
      {
        "type": "text",
        "id": "social_medium_link",
        "label": "Medium",
        "info": "https://medium.com/shopify"
      },
      {
        "type": "text",
        "id": "social_tumblr_link",
        "label": "Tumblr",
        "info": "http://shopify.tumblr.com"
      },
      {
        "type": "text",
        "id": "social_snapchat_link",
        "label": "Snapchat",
        "info": "https://www.snapchat.com/add/shopify"
      },
      {
        "type": "text",
        "id": "social_youtube_link",
        "label": "YouTube",
        "info": "https://www.youtube.com/shopify"
      },
      {
        "type": "text",
        "id": "social_vimeo_link",
        "label": "Vimeo",
        "info": "https://vimeo.com/shopify"
      }
    ]
  },
  {
    "name": "Development",
    "settings": [
      {
        "type": "checkbox",
        "id": "development",
        "label": "Development Mode",
        "default": false
      }
    ]
  }
]
