{"current":{"favicon":"","share_facebook":true,"share_twitter":true,"share_pinterest":true,"social_twitter_link":"","social_facebook_link":"","social_pinterest_link":"","social_instagram_link":"","social_tumblr_link":"","social_snapchat_link":"","social_youtube_link":"","social_vimeo_link":"","checkout_header_image":"","checkout_logo_image":"","checkout_logo_position":"left","checkout_logo_size":"medium","checkout_body_background_image":"","checkout_body_background_color":"#fff","checkout_input_background_color_mode":"white","checkout_sidebar_background_image":"","checkout_sidebar_background_color":"#fafafa","checkout_heading_font":"Helvetica Neue","checkout_body_font":"Helvetica Neue","checkout_accent_color":"#1990C6","checkout_button_color":"#1990C6","checkout_error_color":"#ff6d6d","sections":{"header":{"type":"header","settings":{"main_linklist":"main-menu","message":true,"message_text":"Announce something here","message_link":"shopify:\/\/products\/lover-tee"}},"footer":{"type":"footer","settings":{"inspiration_blog":"lookbook","footer_links":"footer","footer_products":"footer-products"}},"newsletter_popup":{"type":"newsletter_popup","settings":{"disabled":true,"body":"<p>Sign up to our brilliant newsletter and get <em>10% OFF<\/em> your first online purchase.<\/p>","body_fr":"<p>Sign up to our brilliant newsletter and get <em>10% OFF<\/em> your first online purchase. (FR)<\/p>","button_text":"Submit","button_text_fr":"Submit","delay":"1","mailchimp_link":"\/\/juneswimwear.us3.list-manage.com\/subscribe\/post?u=e9a6ab327e08f958dc9b510fc&amp;id=676f44598d","security_code":"b_e9a6ab327e08f958dc9b510fc_676f44598d"}},"1485818326800":{"type":"index_product","settings":{"product":"lover-tee"}}},"content_for_index":["1485818326800"]},"presets":{"Default":{"sections":{"header":{"type":"header","settings":{}},"featured-collections":{"type":"collection","settings":{}},"footer":{"type":"footer","settings":{}}},"content_for_index":["featured-collections"]}}}